74457530.txt,"Distribution and causation of leprosy in British India 1875 - IP/HA.2"
74457800.txt,"Report of an outbreak of cholera in Suhutwar, Bulliah sub-division - IP/30/PI.2"
74458285.txt,"Report of an investigation into the causes of the diseases known in Assam as Kála-Azár and Beri-Beri - IP/3/MB.5"
74458388.txt,"Account of plague administration in the Bombay Presidency from September 1896 till May 1897 - IP/13/PC.4"
74458575.txt,"Inquiry into the circumstances attending an outbreak of cholera in H. M.'s 18th Hussars at Secunderabad in the month of May 1871 - IP/QB.2"
74461102.txt,"Cholera in India, 1862 to 1881 - IP/6/SB.4"
74461103.txt,"Cholera in southern India - IP/25/PI.5"
74462535.txt,"Hookworm disease and how to prevent it - IP/QB.9"
74462588.txt,"Report by Surgeon-Major Lyons, I.M.S., President of the Plague Research Committee - Part I - IP/13/PC.2"
77504163.txt,"Report by Surgeon-Captain Childe, I.M.S. - Part II - IP/13/PC.2"
77504164.txt,"Summary of work carried on by Mr Hankin - Part III - IP/13/PC.2"
74463059.txt,"Leprosy and its control in the Bombay Presidency - IP/13/SB.2"
74463060.txt,"Leprosy in India: report of the Leprosy Commission in India, 1890-91 - IP/DF.3"
74463272.txt,"Malaria in the Duars - IP/QB.6"
74463273.txt,"Malarial fevers - IP/QB.7"
74463388.txt,"Memorandum on the precautions to be taken against cholera - IP/19/PI.2"
74463389.txt,"Memorandum on the prevention of leprosy by segregation of the affected - IP/13/SB.2"
74463660.txt,"Observations on the prevention of leprosy by segregation - IP/13/SB.2"
74463913.txt,"Outbreak of cholera in the village of Akhoree, in the Mirzapore district - IP/30/PI.2"
74464753.txt,"Preliminary report of a malaria survey of Calcutta and environs - IP/6/SB.2"
74464863.txt,"Report of an investigation in regard to the prevalence of stegomyia and other mosquitoes in Karachi, and the measures necessary for their control - IP/13/SB.2"
74464864.txt,"Report of an investigation into the causes of malaria in Bombay and the measures necessary for its control - IP/13/SB.2"
74464866.txt,"Report of cholera committee - IP/25/PI.2"
74464867.txt,"Report of the Bombay Plague Committee - IP/13/PC.5"
77505435.txt,"Report of the Municipal Commissioner on the plague in Bombay for the year ending 31st May... - Volume 1 - IP/14/PC.3"
77505436.txt,"Report of the Municipal Commissioner on the plague in Bombay for the year ending 31st May... - Volume 2 - IP/14/PC.3"
77505437.txt,"Report of the Municipal Commissioner on the plague in Bombay for the year ending 31st May... - Volume 3 - IP/14/PC.3"
74464870.txt,"Report on certain features of malaria in the island of Salsette - IP/13/SB.7"
74464871.txt,"Report on enteric fever - IP/13/SB.6"
74464872.txt,"Report on inoculation in the plague infected areas of the Punjab and its dependencies from October 1900 to September 1901 - IP/32/PC.3"
74464874.txt,"Report on leprosy in the North-Western Provinces - IP/30/PI.2"
77505690.txt,"Report on malaria in the Punjab during the year ...  together with an account of the work of the Punjab Malaria Bureau - Volume 1 - IP/32/MB.4"
77505691.txt,"Report on malaria in the Punjab during the year ...  together with an account of the work of the Punjab Malaria Bureau - Volume 2 - IP/32/MB.4"
77505692.txt,"Report on malaria in the Punjab during the year ...  together with an account of the work of the Punjab Malaria Bureau - Volume 3 - IP/32/MB.4"
77505693.txt,"Report on malaria in the Punjab during the year ...  together with an account of the work of the Punjab Malaria Bureau - Volume 4 - IP/32/MB.4"
77505694.txt,"Report on malaria in the Punjab during the year ...  together with an account of the work of the Punjab Malaria Bureau - Volume 5 - IP/32/MB.4"
77505695.txt,"Report on malaria in the Punjab during the year ...  together with an account of the work of the Punjab Malaria Bureau - Volume 6 - IP/32/MB.4"
74464876.txt,"Report on plague and inoculation in the Punjab from October 1st ... to September 30th..., being the ... season of plague in the province - IP/32/PC.3"
74464877.txt,"Report on plague in the Punjab from October 1st ... to September 30th ..., being the ... season of plague in the province - IP/32/PC.3"
74464878.txt,"Report on the bubonic plague in Bombay, 1896-1897 - IP/13/PC.3"
74464880.txt,"Report on the cholera epidemic of 1868 - IP/19/PI.2"
74464881.txt,"Report on the cultivation of protesoma, Labbé, in grey mosquitoes - IP/QB.2"
74464882.txt,"Report on the nature of kala-azar - IP/QB.2"
74464883.txt,"Report on the treatment of epidemic cholera: from information collected by the governments of Bengal, Madras, Bombay, N.W. Provinces, Punjab, Oudh, and Central India, by order of the Government of India - IP/QB.2"
74464896.txt,"Resolution on Dr Rogers' report on Kala azar. - IP/3/MB.4/1"
74465018.txt,"Rules regarding the measures to be adopted on the outbreak of cholera or appearance of small-pox - IP/FA.1"
74465341.txt,"Sleeping sickness - IP/QB.5"
74465418.txt,"Statistics of inoculations with Haffkine's anti-plague vaccine 1897-1900 - IP/13/PC.2"
74465474.txt,"Supplement to the account of plague administration in the Bombay Presidency from September 1896 till May 1897 - IP/13/PC.4"
74465581.txt,"Bombay plague: being a history of the progress of plague in the Bombay presidency from September 1896 to June 1899 - IP/13/PC.6"
74465621.txt,"Causation and prevention of malarial fevers: a statement of the results of researches drawn up for the use of assistant surgeons, hospital assistants and students - IP/QB.7"
74465699.txt,"Etiology and epidemiology of plague - IP/QA.6"
74465877.txt,"Madras marine plague regulations - IP/25/PC.3"
74465878.txt,"Madras plague regulations and rules for district municipalities and other towns and villages - IP/25/PC.3"
74465879.txt,"Madras plague regulations and rules for the city of Madras - IP/25/PC.3"
77505831.txt,"Madras plague regulations and rules for the inspection of inward and outward bound vessels - Volume 1 - IP/25/PC.3"
77505832.txt,"Madras plague regulations and rules for the inspection of inward and outward bound vessels - Volume 2 - IP/25/PC.3"
77505833.txt,"Madras plague regulations and rules - Volume 1 - IP/25/PC.3"
77505834.txt,"Madras plague regulations and rules - Volume 2 - IP/25/PC.3"
77505995.txt,"Madras plague regulations in force outside the Presidency town - Volume 1 - IP/25/PC.3"
77505996.txt,"Madras plague regulations in force outside the Presidency town - Volume 2 - IP/25/PC.3"
77505997.txt,"Madras plague regulations in force outside the Presidency town - Volume 3 - IP/25/PC.3"
77505998.txt,"Madras plague regulations in force outside the Presidency town - Volume 4 - IP/25/PC.3"
77505999.txt,"Madras plague regulations in force outside the Presidency town - Volume 5 - IP/25/PC.3"
77506000.txt,"Madras plague regulations in force outside the Presidency town - Volume 6 - IP/25/PC.3"
77506001.txt,"Madras plague regulations in force outside the Presidency town - Volume 7 - IP/25/PC.3"
77505991.txt,"Plague in India, 1896, 1897 - Volume 1 - IP/HA.4"
77505992.txt,"Plague in India, 1896, 1897 - Volume 2 - IP/HA.4"
77505993.txt,"Plague in India, 1896, 1897 - Volume 3 - IP/HA.4"
77505994.txt,"Plague in India, 1896, 1897 - Volume 4 - IP/HA.4"
74465979.txt,"Protection of India from yellow fever - IP/QB.2"
74939447.txt,"Indian Medical Review - IP/QB.3"
74949806.txt,"Annual report on the working of the Harcourt Butler Institute of Public Health, Rangoon - IP/16/PI.5"
74977435.txt,"Annual administration and progress report of the Indian Medical Department, Bombay - IP/13/MB.3"
74947934.txt,"Annual report of the Central Committee of the Association together with the report of the directors of the Pasteur Institute at Kasauli - IP/QB.11"
74936002.txt,"Report of the Lahore Medical School Hospital - IP/32/MB.3"
74950686.txt,"Report on the Nagpur School of Medicine, Central Provinces - IP/19/NZ.3"
74952418.txt,"Annual report of the Madras Medical College - IP/25/MB.5"
74915347.txt,"Bulletin of the Pasteur Institute of Southern India, Coonoor - No. 1. 1908 - IP/25/PZ.4"
74915348.txt,"Bulletin of the Pasteur Institute of Southern India, Coonoor - No. 2. 1909 - IP/25/PZ.4"
74915349.txt,"Bulletin of the Pasteur Institute of Southern India, Coonoor - No. 3. 1910 - IP/25/PZ.4"
74953850.txt,"Annual report of the Prince of Wales Medical College, Patna - IP/10/HG.6"
74918283.txt,"King Institute of Preventive Medicine Bacteriolog. Section reports 1907-08 - IP/25/KZ.3"
74918284.txt,"King Institute of Preventive Medicine Micro-Biological Section reports 1909-11 - IP/25/KZ.3"
74918285.txt,"King Institute of Preventive Medicine Micro-Biological Section reports 1912-19 - IP/25/KZ.3"
74936312.txt,"Report of the King Institute of Preventive Medicine, Guindy - IP/25/KZ.5"
74972250.txt,"Calcutta medical institutions reports 1871-78 - IP/6/HG.4"
74972251.txt,"Calcutta medical institutions reports 1879-81 [i.e.91] - IP/6/HG.4"
74972252.txt,"Calcutta medical institutions reports 1892-1900 - IP/6/HG.4"
74983066.txt,"Burma Government Medical School reports 1907-22 - IP/16/PI.4"
74983067.txt,"Burma Government Medical School reports 1923-41 - IP/16/PI.4"
74986180.txt,"Annual report on the health of the army in India - IP/FA.39"
74905161.txt,"Regulations for the medical services of the Army of India 1930 - IP/FA.43"
74988806.txt,"Mobilization store table India - IP/FA.40"
74990310.txt,"Medical and sanitary report of the native army of Madras for the year 1872 - IP/25/AF.3"
74990311.txt,"Medical and sanitary report of the native army of Madras for the year 1875 - IP/25/AF.3"
74990312.txt,"Medical and sanitary report of the native army of Madras for the year 1876 - IP/25/AF.3"
74990313.txt,"Medical and sanitary report of the native army of Madras for the year 1877 - IP/25/AF.3"
74990314.txt,"Medical and sanitary report of the native army of Madras for the year 1878 - IP/25/AF.3"
74988861.txt,"[Report on the health of British troops in the Madras command] - IP/25/AF.4"
75014200.txt,"Report of an investigation of the epidemic of malarial fever in Assam, or, kala-azar - IP/3/MB.4"
75009881.txt,"Vital statistics of India. Vol. IV, Annual returns from 1871 to 1876. British Army of India, Native Army and jails of Bengal - IP/QA.5"
74993224.txt,"Vital statistics of India. Vol. V, Reports of 1876 on armies & jails and on epidemic cholera - IP/QA.5"
74994381.txt,"Vital statistics of India. Vol. VI, European troops 1870-79 - IP/6/AF.5"
75006567.txt,"Sketch of the medical history of the native army of Bombay, for the year 1870 - IP/13/AF.3"
75006568.txt,"Sketch of the medical history of the native army of Bombay, for the year 1872 - IP/13/AF.3"
75006569.txt,"Sketch of the medical history of the native army of Bombay, for the year 1875 - IP/13/AF.3"
75006570.txt,"Sketch of the medical history of the native army of Bombay, for the year 1876 - IP/13/AF.3"
75008424.txt,"Reports on military cantonments and civil stations in the Presidency of Bombay inspected by the Sanitary Commissioner in the years 1875 and 1876 - IP/13/SB.5"
74995786.txt,"Medical and sanitary report on the native army of Bombay for the year 1877 - IP/13/AF.3"
74995787.txt,"Medical and sanitary report on the native army of Bombay for the year 1878 - IP/13/AF.3"
74995788.txt,"Medical and sanitary report on the native army of Bombay for the year 1879 - IP/13/AF.3"
74996912.txt,"Medical and sanitary report of the native army of Bengal for the year 1874 - IP/6/AF.3"
74996913.txt,"Medical and sanitary report of the native army of Bengal for the year 1875 - IP/6/AF.3"
74996914.txt,"Medical and sanitary report of the native army of Bengal for the year 1876 - IP/6/AF.3"
74996915.txt,"Medical and sanitary report of the native army of Bengal for the year 1877 - IP/6/AF.3"
74996916.txt,"Medical and sanitary report of the native army of Bengal for the year 1878 - IP/6/AF.3"
74999717.txt,"Scientific memoirs by medical officers of the Army of India - Part I, 1884 - IP/QB.10"
74999718.txt,"Scientific memoirs by medical officers of the Army of India - Part II, 1886 - IP/QB.10"
74999719.txt,"Scientific memoirs by medical officers of the Army of India - Part III, 1887 - IP/QB.10"
74999720.txt,"Scientific memoirs by medical officers of the Army of India - Part IV, 1889 - IP/QB.10"
74999721.txt,"Scientific memoirs by medical officers of the Army of India - Part V, 1890 - IP/QB.10"
74999722.txt,"Scientific memoirs by medical officers of the Army of India - Part VI, 1891 - IP/QB.10"
74999723.txt,"Scientific memoirs by medical officers of the Army of India - Part VII, 1892 - IP/QB.10"
74999724.txt,"Scientific memoirs by medical officers of the Army of India - Part VIII, 1894 - IP/QB.10"
74999725.txt,"Scientific memoirs by medical officers of the Army of India - Part IX, 1895 - IP/QB.10"
74999726.txt,"Scientific memoirs by medical officers of the Army of India - Part X, 1897 - IP/QB.10"
74999727.txt,"Scientific memoirs by medical officers of the Army of India - Part XI, 1898 - IP/QB.10"
74999728.txt,"Scientific memoirs by medical officers of the Army of India - Part XII, 1901 - IP/QB.10"
75022154.txt,"Standardisation of Calmette's anti-venomous serum with pure cobra venom - Number 1 - IP/QB.10"
75022290.txt,"Malaria in India - Number 2 - IP/QB.10"
75023491.txt,"Some observations on the poison of Russell's viper (Daboia russellii) - Number 3 - IP/QB.10"
75023845.txt,"On the action of the venoms of the cobra (Naja tripudians) and of the daboia (Daboia russellii) on the red blood corpuscles and on the blood plasma - Number 4 - IP/QB.10"
75024044.txt,"Specificity of antivenomous sera - Number 5 - IP/QB.10"
75024123.txt,"First report of the anti-malarial operations at Mian Mir, 1901-1903 - Number 6 - IP/QB.10"
75025933.txt,"Some observations on the poison of the banded krait (Bungarus fasciatus) - Number 7 - IP/QB.10"
75026070.txt,"Preliminary report on a parasite found in persons suffering from enlargement of the spleen in India - Number 8 - IP/QB.10"
75026170.txt,"Second report of the anti-malarial operations at Mian Mir, 1901-1903 - Number 9 - IP/QB.10"
75026362.txt,"Specificity of antivenomous sera (second communication) - Number 10 - IP/QB.10"
75026484.txt,"On a parasite found in persons suffering from enlargement of the spleen in India, second report - Number 11 - IP/QB.10"
75026711.txt,"On the morphology, teratology, and diclinism of the flowers of cannabis - Number 12 - IP/QB.10"
75026923.txt,"Oriental or Dehli sore - Number 13 - IP/QB.10"
75027011.txt,"On a parasite found in the white corpuscles of the blood of dogs - Number 14 - IP/QB.10"
75027087.txt,"On a parasite found in persons suffering from enlargement of the spleen in India - Number 15 - IP/QB.10"
75027169.txt,"Specificity of antivenomous sera, with special reference to a serum prepared with the venom of Daboia russellii - Number 16 - IP/QB.10"
75027261.txt,"Snake-venoms in relation to hæmolysis - Number 17 - IP/QB.10"
75027372.txt,"Hæmogregarina gerbilli - Number 18 - IP/QB.10"
75027472.txt,"On kala azar, malaria and malarial cachexia - Number 19 - IP/QB.10"
75027722.txt,"Serum-therapy of plague in India - Number 20 - IP/QB.10"
75028235.txt,"On the standardisation of anti-typhoid vaccine - Number 21 - IP/QB.10"
75028344.txt,"Mediterranean fever in India - Number 22 - IP/QB.10"
75028480.txt,"Anatomy and histology of ticks - Number 23 - IP/QB.10"
75028821.txt,"On a parasite found in the white corpuscles of the blood of palm squirrels - Number 24 - IP/QB.10"
75028936.txt,"On the importance of larval characters in the classification of mosquitoes - Number 25 - IP/QB.10"
75030193.txt,"Leucocytozoon canis - Number 26 - IP/QB.10"
75030881.txt,"Preliminary report on the development of the Leishman-Donovan body in the bed bug - Number 27 - IP/QB.10"
75030882.txt,"Sexual cycle of Leucocytozoon canis in the tick - Number 28 - IP/QB.10"
75030891.txt,"Piroplasma canis and its life cycle in the tick - Number 29 - IP/QB.10"
75031258.txt,"Theory and practice of anti-rabic immunisation - Number 30 - IP/QB.10"
75031442.txt,"Development of the Leishman-Donovan parasite in Cimex rotundatus - Number 31 - IP/QB.10"
75031635.txt,"Enquiry on enteric fever in India - Number 32 - IP/QB.10"
75032058.txt,"Production of alkali in liquid media by the Bacillus pestis - Number 33 - IP/QB.10"
75032173.txt,"Standards of the constituents of the urine and blood and the bearing of the metabolism of Bengalis on the problems of nutrition - Number 34 - IP/QB.10"
75032477.txt,"Black-water fever - Number 35 - IP/QB.10"
75032496.txt,"Observations on rabies - Number 36 - IP/QB.10"
75032703.txt,"Investigations on Bengal jail dietaries - Number 37 - IP/QB.10"
75033546.txt,"Preliminary report on the killing of rats and rat fleas by hydrocyanic acid gas - Number 38 - IP/QB.10"
75033709.txt,"Applicability to medico-legal practice in India of the biochemical tests for the origin of blood-stains - Number 39 - IP/QB.10"
75033908.txt,"Destruction of fleas by exposure to the sun - Number 40 - IP/QB.10"
75034057.txt,"Quinine and its salts - Number 41 - IP/QB.10"
75034340.txt,"Cultivation of the bacillus of leprosy and the treatment of cases by means of a vaccine prepared from the cultivations - Number 42 - IP/QB.10"
75034503.txt,"Relation of titanus [i.e. tetanus] to the hypodermic or intramuscular injection of quinine - Number 43 - IP/QB.10"
75034744.txt,"Preparation of a safe and efficient antirabic vaccine - Number 44 - IP/QB.10"
75058232.txt,"Epidemic dropsy in Calcutta - Number 45 - IP/QB.10"
75058530.txt,"Malaria in the Punjab - Number 46 - IP/QB.10"
75059105.txt,"Dysentery and liver abscess in Bombay - Number 47 - IP/QB.10"
75059416.txt,"Investigations into the jail dietaries of the United Provinces with some observations on the influence of dietary on the physical development and well-being of the people of the United Provinces - Number 48 - IP/QB.10"
75061013.txt,"Epidemic dropsy in Calcutta - Number 49 - IP/QB.10"
75061418.txt,"Preliminary report on an investigation into the etiology of Oriental sore in Cambay - Number 50 - IP/QB.10"
75061530.txt,"Streptothrix isolated from the spleen of a leper - Number 51 - IP/QB.10"
75061618.txt,"Dysentery in Hazaribagh Central Jail - Number 52 - IP/QB.10"
75061841.txt,"Physiological action of certain drugs in tablet form - Number 52A - IP/QB.10"
75061842.txt,"Development of the parasite of Indian kala azar - Number 53 - IP/QB.10"
75062008.txt,"Philaematomyia insignis, Austen - Number 54 - IP/QB.10"
75063062.txt,"Some observations on the morphology and mechanism of the parts in the orthorrapha - Number 58 - IP/QB.10"
75063222.txt,"Lyperosia minuta, Bezzi - Number 59 - IP/QB.10"
75063454.txt,"Studies on the mouth parts a Comparative anatomy of the proboscis in the blood-sucking muscidae - Number 60 - IP/QB.10"
75062528.txt,"Structure of Hæmatopota pluvialis (Meigen) - Number 55 - IP/QB.10"
75062733.txt,"Malaria in the Andamans - Number 56 - IP/QB.10"
75062944.txt,"Morphology and life history of Herpetomonas culicis, Novy, MacNeal and Torrey - Number 57 - IP/QB.10"
75063735.txt,"Code of medical and sanitary regulations for the guidance of medical officers serving in the Madras Presidency - Volume I - IP/25/MB.4"
75063736.txt,"Code of medical and sanitary regulations for the guidance of medical officers serving in the Madras Presidency - Volume II - IP/25/MB.4"
75107674.txt,"Report on lock hospitals in British Burma - IP/16/HG.4"
75107675.txt,"Annual report on the working of the lock hospitals in the Central Provinces - IP/19/HG.4"
75107676.txt,"Annual report on the working of the lock hospitals in the North-Western Provinces and Oudh - IP/30/HG.4"
75107677.txt,"Annual report on the lock hospitals of the Madras Presidency - IP/25/HG.6"
75107678.txt,"Lock hospitals Punjab - IP/32/HG.5"
74464868.txt,"Report of the Indian Hemp Drugs Commission, 1894-1895 - Volume I - IP/DA.1"
74462704.txt,"Report of the Indian Hemp Drugs Commission, 1894-1895 - Volume II - IP/DA.1"
74462705.txt,"Report of the Indian Hemp Drugs Commission, 1894-1895 - Volume III - IP/DA.1"
74462706.txt,"Report of the Indian Hemp Drugs Commission, 1894-1895 - Volume IV - IP/DA.1"
75120736.txt,"Report of the Indian Hemp Drugs Commission, 1894-1895 - Volume V - IP/DA.1"
74908463.txt,"Report of the Indian Hemp Drugs Commission, 1894-1895 - Volume VI - IP/DA.1"
74908473.txt,"Report of the Indian Hemp Drugs Commission, 1894-1895 - Volume VII - IP/DA.1"
74462703.txt,"Report of the Indian Hemp Drugs Commission, 1894-1895 - Volume VIII - IP/DA.1"
74915572.txt,"Resolution. No. 1369 Ex. - IP/DA.1"
74913508.txt,"Report on the cultivation and use of ganja - IP/6/RC.6"
74907511.txt,"Materia medica of Madras volume I - IP/25/MB.3"
74912752.txt,"Papaver somniferum - Opium : an extract from the sixth volume of the Dictionary of Economic Products of India - IP/SA.1"
74913210.txt,"Notes on the propagation and cultivation of the medicinal cinchonas, or Peruvian bark trees - IP/25/BC.2"
74914346.txt,"Report on the administration of the Government Cinchona Department 1892-98 - IP/25/CC.3"
74913936.txt,"Alphabetical list of drugs, medicines and other preparations free from, and containing, spirit compiled from the results of tests made by the customs houses at Calcutta, Bombay, and Madras - IP/25/CJ.2"
74915571.txt,"Report of the Hyderabad Chloroform Commission - IP/21/CZ.2"
75189344.txt,"Report on the Calcutta epizootic or cattle disease of 1864 in Calcutta and its neighbourhood - IP/6/VB/4"
75189469.txt,"Report of veterinary surgeon J.H. Steel, A.V.D., on his investigation into an obscure and fatal disease among transport mules in British Burma - IP/RA.4"
75189961.txt,"Note on elephants in Burma, with a description of their equipment - IP/16/VB.2"
75190026.txt,"Treatise on elephants - IP/16/VB.3"
75191774.txt,"Elephants and their diseases - IP/16/VB.3/1"
75194196.txt,"Report on horse surra - Volume I - IP/RA.3"
75194197.txt,"Report on horse surra - Volume II, Part I - IP/RA.3"
75194210.txt,"Report on horse surra - Volume II, Part II - IP/RA.3"
75198547.txt,"Summary of further report on surra - IP/RA.3/1"
75198613.txt,"Summary of further report on surra - IP/RA.3/1"
75198691.txt,"Note on surra in camels for commandants of camel corps - IP/32/VB.1"
75198818.txt,"Report of the veterinary officer investigating camel disease - IP/32/VB.5"
75199647.txt,"Annual report of the Camel Specialist - IP/32/VB.5"
75217110.txt,"Report of the Bombay Veterinary College - IP/13/VB.3/1"
75218414.txt,"Rules and regulations of the two years' vernacular class - IP/13/VB/1"
75218463.txt,"Rules and regulations of the Bombay Veterinary College - IP/13/VB.1"
75218539.txt,"Annual report of the Imperial Bacteriologist - IP/RB.3"
75221353.txt,"Annual report of the Imperial Bacteriological Laboratory, Muktesar - IP/RB.3"
75223767.txt,"Report of the Imperial Institute of Veterinary Research, Muktesar - IP/RB.3"
75225418.txt,"Indian journal of veterinary science and animal husbandry - Volume 1, 1931 - IP/RA.11"
75227077.txt,"Indian journal of veterinary science and animal husbandry - Volume 2, 1932 - IP/RA.11"
75228978.txt,"Indian journal of veterinary science and animal husbandry - Volume 3, 1933 - IP/RA.11"
75231530.txt,"Indian journal of veterinary science and animal husbandry - Volume 4, 1934 - IP/RA.11"
75235274.txt,"Indian journal of veterinary science and animal husbandry - Volume 5, 1935 - IP/RA.11"
75237407.txt,"Indian journal of veterinary science and animal husbandry - Volume 6, 1936 - IP/RA.11"
75239037.txt,"Indian journal of veterinary science and animal husbandry - Volume 7, 1937 - IP/RA.11"
75242459.txt,"Indian journal of veterinary science and animal husbandry - Volume 8, 1938 - IP/RA.11"
75246200.txt,"Indian journal of veterinary science and animal husbandry - Volume 9, 1939 - IP/RA.11"
75248012.txt,"Indian journal of veterinary science and animal husbandry - Volume 10, 1940 - IP/RA.11"
75257093.txt,"Indian journal of veterinary science and animal husbandry - Volume 11, 1941 - IP/RA.11"
75258995.txt,"Indian journal of veterinary science and animal husbandry - Volume 12, 1942 - IP/RA.11"
75471993.txt,"Indian journal of veterinary science and animal husbandry - Volume 13, 1943 - IP/RA.11"
75473849.txt,"Indian journal of veterinary science and animal husbandry - Volume 14, 1944 - IP/RA.11"
75475177.txt,"Indian journal of veterinary science and animal husbandry - Volumes 15-17, 1948-1951 - IP/RA.11"
75480900.txt,"Indian journal of veterinary science and animal husbandry - Volumes 18-21, 1948-1951 - IP/RA.11"
75486568.txt,"Indian journal of veterinary science and animal husbandry - Volumes 22-23, 1952-1953 - IP/RA.11"
75489082.txt,"Indian journal of veterinary science and animal husbandry - Volumes 24-25, 1954-1955 - IP/RA.11"
75491773.txt,"Indian journal of veterinary science and animal husbandry - Volumes 26-27, 1956-1957 - IP/RA.11"
75491774.txt,"Indian journal of veterinary science and animal husbandry - Volumes 28-29, 1958-1959 - IP/RA.11"
75499497.txt,"Annual administration report of the Civil Veterinary Department of India - 1892-1893 - IP/RA.9"
75500133.txt,"Annual administration report of the Civil Veterinary Department of India - 1893-1894 - IP/RA.9"
75501069.txt,"Annual administration report of the Civil Veterinary Department of India - 1894-1895 - IP/RA.9"
75501919.txt,"Annual administration report of the Civil Veterinary Department of India - 1895-1896 - IP/RA.9"
75502957.txt,"Annual administration report of the Civil Veterinary Department of India - 1896-1897 - IP/RA.9"
75504814.txt,"Annual administration report of the Civil Veterinary Department of India - 1897-1898 - IP/RA.9"
75506186.txt,"Annual administration report of the Civil Veterinary Department of India - 1898-1899 - IP/RA.9"
75507184.txt,"Annual administration report of the Civil Veterinary Department of India - 1899-1900 - IP/RA.9"
75507948.txt,"Annual administration report of the Civil Veterinary Department of India - 1900-1901 - IP/RA.9"
75508158.txt,"Annual administration report of the Civil Veterinary Department of India - 1901-1902 - IP/RA.9"
75508386.txt,"Annual administration report of the Civil Veterinary Department of India - 1902-1903 - IP/RA.9"
75508594.txt,"Annual administration report of the Civil Veterinary Department of India - 1903-1904 - IP/RA.9"
75508898.txt,"Annual administration report of the Civil Veterinary Department of India - 1904-1905 - IP/RA.9"
75509075.txt,"Annual administration report of the Civil Veterinary Department of India - 1905-1906 - IP/RA.9"
75509261.txt,"Annual administration report of the Civil Veterinary Department of India - 1906-1907 - IP/RA.9"
75509423.txt,"Annual administration report of the Civil Veterinary Department of India - 1907-1908 - IP/RA.9"
75509732.txt,"Annual administration report of the Civil Veterinary Department of India - 1908-1909 - IP/RA.9"
75510026.txt,"Annual administration report of the Civil Veterinary Department of India - 1909-1910 - IP/RA.9"
75510221.txt,"Annual administration report of the Civil Veterinary Department of India - 1910-1911 - IP/RA.9"
75510430.txt,"Statistics compiled by the Government of India from the reports of provincial Civil Veterinary Departments - IP/RA.6"
75511633.txt,"Indian Civil Veterinary Department memoirs - IP/RA.6"
75514868.txt,"Proceedings of the meeting of veterinary officers in India - IP/RA.7"
75515678.txt,"Civil Veterinary Department ledger series I-VI - IP/RA.8"
75517332.txt,"Report on metropolitan horse fairs and district horse shows of 1891-92 - 1891-1892 - IP/RA.5"
75517333.txt,"Report on the metropolitan horse fairs and district horse shows of 1892-93 - 1892-1893 - IP/RA.5"
75518409.txt,"Veterinary [1904] - 1904 - IP/FA.43"
75518410.txt,"Veterinary [1909] - 1909 - IP/FA.43"
75518411.txt,"Veterinary [1916] - 1916 - IP/FA.43"
75518412.txt,"Veterinary regulations India, 1925 - 1925 - IP/FA.43"
75518413.txt,"Veterinary regulations India, 1935 - 1935 - IP/FA.43"
75518414.txt,"Veterinary regulations India, 1939 - 1939 - IP/FA.43"
75528072.txt,"Annual report of the Punjab Veterinary College and of the Civil Veterinary Department, Punjab - 1894-1908 - IP/32/VB.3"
75528073.txt,"Annual report of the Punjab Veterinary College and of the Civil Veterinary Department, Punjab - 1909-1919 - IP/32/VB.3"
75528074.txt,"Annual report of the Punjab Veterinary College and of the Civil Veterinary Department, Punjab - 1920-1925 - IP/32/VB.3"
75528075.txt,"Annual report of the Punjab Veterinary College and of the Civil Veterinary Department, Punjab - 1926-1932 - IP/32/VB.3"
75542041.txt,"Civil Veterinary Dept. North-West Frontier Province 1901-22 - 1901-1922 - IP/29/VB.3"
75542042.txt,"Civil Veterinary Dept. North-West Frontier Province 1923-32 - 1923-1932 - IP/29/VB.3"
75542043.txt,"Civil Veterinary Dept. North-West Frontier Province 1933-46 - 1933-1946 - IP/29/VB.3"
75638924.txt,"Civil Veterinary Department. United Provinces 1912-22 - 1912-1922 - IP/30/VB.3"
75638925.txt,"Civil Veterinary Department. United Provinces 1923-31 - 1923-1931 - IP/30/VB.3"
75638926.txt,"Civil Veterinary Department. United Provinces 1932-42 - 1932-1942 - IP/30/VB.3"
75645666.txt,"Annual administration report of the Civil Veterinary Department, Ajmere-Merwara, British Rajputana - 1914-1940 - IP/1/VB.3"
75648799.txt,"Annual administration report of the Civil Veterinary Department, Sind - 1937-1938 - IP/15/VB.3"
75648800.txt,"Annual administration report of the Civil Veterinary Department, Sind - 1938-1939 - IP/15/VB.3"
75648801.txt,"Annual administration report of the Civil Veterinary Department, Sind - 1939-1940 - IP/15/VB.3"
75648802.txt,"Annual administration report of the Civil Veterinary Department, Sind - 1940-1941 - IP/15/VB.3"
75648803.txt,"Annual administration report of the Civil Veterinary Department, Sind - 1941-1942 - IP/15/VB.3"
75648804.txt,"Annual administration report of the Civil Veterinary Department, Sind - 1942-1943 - IP/15/VB.3"
75648805.txt,"Annual administration report of the Civil Veterinary Department, Sind - 1943-1944 - IP/15/VB.3"
75648806.txt,"Annual administration report of the Civil Veterinary Department, Sind - 1943-1944 - IP/15/VB.3"
75648807.txt,"Annual administration report of the Civil Veterinary Department, Sind - 1944-1945 - IP/15/VB.3"
75648808.txt,"Annual administration report of the Civil Veterinary Department, Sind - 1944-1945 - IP/15/VB.3"
75648809.txt,"Annual administration report of the Civil Veterinary Department, Sind - 1945-1946 - IP/15/VB.3"
75675172.txt,"Annual administration report of the Bombay Presidency - 1887-1892 - IP/13/VB.3"
75676282.txt,"Civil Veterinary Dept. Bombay admin report 1893-99 - 1893-1899 - IP/13/VB.3"
75676283.txt,"Civil Veterinary Dept. Bombay admin report 1900-1906 - 1900-1906 - IP/13/VB.3"
75676285.txt,"Civil Veterinary Dept. Bombay admin report 1907-1913 - 1907-1913 - IP/13/VB.3"
75676284.txt,"Civil Veterinary Dept. Bombay admin report 1914-1922 - 1914-1922 - IP/13/VB.3"
75676286.txt,"Civil Veterinary Dept. Bombay admin report 1923-31 - 1923-1931 - IP/13/VB.3"
75676287.txt,"Civil Veterinary Dept. Bombay admin report 1932-41 - 1932-1941 - IP/13/VB.3"
75692279.txt,"Civil Veterinary Department. Madras. Admin. report 1910-25 - 1910-1925 - IP/25/VB.3"
75692280.txt,"Civil Veterinary Department. Madras. Admin. report 1926-33 - 1926-1933 - IP/25/VB.3"
75692281.txt,"Manual of the Civil Veterinary Department, Central Provinces and Berar - IP/19/VB.2"
75693198.txt,"Civil Veterinary Department. Central Provinces & Berar 1925-31 - 1925-1931 - IP/19/VB.3"
75693199.txt,"Civil Veterinary Department. Central Provinces & Berar 1932-41 - 1932-1941 - IP/19/VB.3"
75719893.txt,"Annual report of the Civil Veterinary Department, Bengal, for the year 1895-96 - 1895-1896 - IP/6/VB.3"
76154189.txt,"Annual report of the Civil Veterinary Department, Bengal, for the year 1896-97 - 1896-1897 - IP/6/VB.3"
76151648.txt,"Annual report of the Civil Veterinary Department, Bengal, for the year 1897-98 - 1897-1898 - IP/6/VB.3"
76154729.txt,"Annual report of the Civil Veterinary Department, Bengal, for the year 1898-99 - 1898-1899 - IP/6/VB.3"
76151759.txt,"Annual report of the Bengal Veterinary College and of the Civil Veterinary Department, Bengal, for the year 1899-1900 - 1899-1900 - IP/6/VB.3"
76151893.txt,"Annual report of the Civil Veterinary Department, Bengal, and of the Bengal Veterinary College, for the year 1900-1901 - 1900-1901 - IP/6/VB.3"
76151793.txt,"Annual report of the Bengal Veterinary College, and of the Civil Veterinary Department, Bengal, for the year 1901-1902 - 1901-1902 - IP/6/VB.3"
76343134.txt,"Annual report of the Civil Veterinary Department, Bengal, and of the Bengal Veterinary College, for the year 1902-1903 - 1902-1903 - IP/6/VB.3"
76152081.txt,"Annual report of the Civil Veterinary Department, Bengal, and of the Bengal Veterinary College for the year 1903-1904 - 1903-1904 - IP/6/VB.3"
76153215.txt,"Annual report of the Civil Veterinary Department, Bengal, and of the Bengal Veterinary College for the year 1904-1905 - 1904-1905 - IP/6/VB.3"
76153227.txt,"Annual report of the Civil Veterinary Department, Bengal, and of the Bengal Veterinary College for the year 1905-1906 - 1905-1906 - IP/6/VB.3"
76153250.txt,"Annual report of the Civil Veterinary Department, Bengal, and of the Bengal Veterinary College for the year 1906-1907 - 1906-1907 - IP/6/VB.3"
76153405.txt,"Annual report of the Bengal Veterinary College and of the Civil Veterinary Department, Bengal, for the year 1907-1908 - 1907-1908 - IP/6/VB.3"
76153439.txt,"Annual report of the Bengal Veterinary College and of the Civil Veterinary Department, Bengal, for the year 1908-1909 - 1908-1909 - IP/6/VB.3"
76153462.txt,"Annual report of the Bengal Veterinary College and of the Civil Veterinary Department, Bengal, for the year 1909-1910 - 1909-1910 - IP/6/VB.3"
76153485.txt,"Annual report of the Bengal Veterinary College and of the Civil Veterinary Department, Bengal, for the year 1910-1911 - 1910-1911 - IP/6/VB.3"
76153497.txt,"Annual report of the Bengal Veterinary College and of the Civil Veterinary Department, Bengal, for the year 1911-1912 - 1911-1912 - IP/6/VB.3"
76153509.txt,"Annual report of the Bengal Veterinary College and of the Civil Veterinary Department, Bengal, for the year 1912-1913 - 1912-1913 - IP/6/VB.3"
76153532.txt,"Annual report of the Bengal Veterinary College and of the Civil Veterinary Department, Bengal, for the year 1913-1914 - 1913-1914 - IP/6/VB.3"
76153544.txt,"Annual report of the Bengal Veterinary College and of the Civil Veterinary Department, Bengal, for the year 1914-1915 - 1914-1915 - IP/6/VB.3"
76153556.txt,"Annual report of the Bengal Veterinary College and of the Civil Veterinary Department, Bengal, for the year 1915-16 - 1915-1916 - IP/6/VB.3"
76153568.txt,"Annual report of the Bengal Veterinary College and of the Civil Veterinary Department, Bengal, for the year 1916-17 - 1916-1917 - IP/6/VB.3"
76153580.txt,"Annual report of the Bengal Veterinary College and of the Civil Veterinary Department, Bengal, for the year 1917-18 - 1917-1918 - IP/6/VB.3"
76153592.txt,"Annual report of the Bengal Veterinary College and of the Civil Veterinary Department, Bengal, for the year 1918-19 - 1918-1919 - IP/6/VB.3"
76153604.txt,"Annual report of the Bengal Veterinary College and of the Civil Veterinary Department, Bengal, for the year 1919-20 - 1919-1920 - IP/6/VB.3"
76153616.txt,"Annual report of the Bengal Veterinary College and of the Civil Veterinary Department, Bengal, for the year 1920-21 - 1920-1921 - IP/6/VB.3"
76339787.txt,"Civil Veterinary Department Bengal reports 1923-33 - 1923-1933 - IP/6/VB.3"
77008148.txt,"Civil Veterinary Department Bengal reports 1933-51 - 1933-1951 - IP/6/VB.3"
75721655.txt,"Report on the Civil Veterinary Department, Eastern Bengal and Assam - 1907-1911 - IP/7/VB.3"
75722238.txt,"Civil Veterinary Dept. Assam report 1911-1927 - 1911-1927 - IP/3/VB.3"
75722239.txt,"Civil Veterinary Dept. Assam report 1927-50 - 1927-1950 - IP/3/VB.3"
75765285.txt,"Annual report on the Civil Veterinary Department, Burma (including the Insein Veterinary School) - 1910-1922 - IP/16/VB.4"
75765309.txt,"Annual report on the Civil Veterinary Department, Burma (including the Insein Veterinary School) - 1923-1931 - IP/16/VB.4"
75765297.txt,"Annual report on the Civil Veterinary Department, Burma (including the Insein Veterinary School) - 1932-1941 - IP/16/VB.4"
75809781.txt,"Civil Veterinary Department Bihar & Orissa reports 1911-21 - 1911-1921 - IP/10/VB.3"
75809782.txt,"Civil Veterinary Department Bihar & Orissa reports 1922-29 - 1922-1929 - IP/10/VB.3"
75809783.txt,"Civil Veterinary Department Bihar & Orissa reports 1929-36 - 1929-1936 - IP/10/VB.3"
75748706.txt,"Civil Veterinary Department Bihar reports 1936-40 - 1936-1940 - IP/10/VB.3/1"
75748707.txt,"Civil Veterinary Department Bihar reports 1940-50 - 1940-1950 - IP/10/VB.3/1"
77506560.txt,"Lunatic asylums Punjab 1868-1880 - 1868-1880 - IP/32/HG.4"
77517649.txt,"Lunatic asylums Punjab 1881-1894 - 1881-1894 - IP/32/HG.4"
77643830.txt,"Lunatic asylums Punjab 1895-1910 - 1895-1910 - IP/32/HG.4"
77663553.txt,"Lunatic asylums Punjab 1911-1921 - 1911-1921 - IP/32/HG.4"
77702423.txt,"Punjab Mental Hospital Lahore 1922-31 - 1922-1931 - IP/32/HG.4"
77777243.txt,"Punjab Mental Hospital Lahore 1932-46 - 1932-1946 - IP/32/HG.4"
77921288.txt,"Reports on dispensaries and lunatic asylums in the Province of Oudh - 1869-1876 - IP/31/HG.3"
77953549.txt,"Lunatic asylums United Provinces 1899-1908 - 1899-1908 - IP/30/HG.5"
77953550.txt,"Lunatic asylums United Provinces 1909-1921 - 1909-1921 - IP/30/HG.5"
77953567.txt,"Lunatic asylums United Prov. 1922-30 - 1922-1930 - IP/30/HG.5"
82799495.txt,"Insane asylums Bombay 1873-77 - 1873-1877 - IP/13/HG.4"
82799497.txt,"Lunatic asylums Bombay report 1878-1890 - 1878-1890 - IP/13/HG.4"
82799496.txt,"Lunatic asylums Bombay report 1891-1903 - 1891-1903 - IP/13/HG.4"
82803579.txt,"Report on the lunatic asylums under the Government of Bombay - 1904-1913 - IP/13/HG.4"
82804610.txt,"Annual report of lunatic asylums [Bombay] - 1912-1922 - IP/13/HG.4"
82805481.txt,"Mental hospitals Bombay report 1921-28 - 1921-1928 - IP/13/HG.4"
82805482.txt,"Mental hospitals Bombay report 1929-33 - 1929-1933 - IP/13/HG.4"
82807930.txt,"Lunatic asylums Madras 1877-1891 - 1877-1891 - IP/25/HG.7"
82807931.txt,"Lunatic asylums Madras 1892-1911 - 1892-1911 - IP/25/HG.7"
82812577.txt,"Annual report on the working of the mental hospitals in the Madras Presidency - 1912-1932 - IP/25/HG.7"
83054535.txt,"Lunatic asylums Central Provinces reports 1874-1885 - 1874-1885 - IP/19/HG.5"
83054536.txt,"Lunatic asylums Central Provinces reports 1886-1894 - 1886-1894 - IP/19/HG.5"
83054537.txt,"Lunatic asylums Central Provinces reports 1895-1909 - 1895-1909 - IP/19/HG.5"
83054538.txt,"Lunatic asylums Central Provinces reports 1910-1926 - 1910-1926 - IP/19/HG.5"
83152519.txt,"Annual report on the mental hospital in the Central Provinces and Berar (Nagpur) - 1927-1951 - IP/19/HG.5"
83154111.txt,"Tezpur Lunatic Asylum reports 1877-1894 - 1877-1894 - IP/3/MB.3"
83154112.txt,"Tezpur Lunatic Asylum reports 1895-1904 - 1895-1904 - IP/3/MB.3"
83156399.txt,"Statistical return of the lunatic asylum in Assam - 1912-1932 - IP/3/MB.6"
83165626.txt,"Assam Mental Hospital (Tezpur, India) - 1933-1948 - IP/3/MB.6"
83166290.txt,"Triennial report on the lunatic asylums in the province of Eastern Bengal and Assam - 1903-1911 - IP/7/HG.3"
83377957.txt,"Insane asylums in Bengal annual reports 1867-1875 - 1867-1875 - IP/6/HG.8"
83377958.txt,"Insane asylums in Bengal annual reports 1876-1887 - 1876-1887 - IP/6/HG.8"
83377959.txt,"Lunatic asylums in Bengal annual reports 1888-1898 - 1888-1898 - IP/6/HG.8"
83377960.txt,"Lunatic asylums in Bengal annual reports 1899-1911 - 1899-1911 - IP/6/HG.8"
83377961.txt,"Lunatic asylums in Bengal annual reports 1912-1924 - 1912-1924 - IP/6/HG.8"
83543639.txt,"General report no. 6 on the lunatic asylums, vaccination and dispensaries in the Bengal Presidency, 1873 - 1873 - IP/6/HG.7"
83544102.txt,"Report on the lunatic asylums in Bengal - 1862- - IP/6/HG.6"
83780835.txt,"Annual returns of the Patna Lunatic Asylum at Bankipore in Bihar and Orissa - 1912-1924 - IP/10/HG.4"
83972064.txt,"Report on the working of the mental hospitals for Indians in Bihar and Orissa - 1925-1929 - IP/10/HG.5"
83973094.txt,"Report on the working of the Ranchi Indian Mental Hospital, Kanke, in Bihar and Orissa - 1930-1940 - IP/10/HG.5"
83975916.txt,"Rangoon Lunatic Asylum 1878-1892 - 1878-1892 - IP/16/HG.5/1"
83975917.txt,"Rangoon Lunatic Asylum 1893-1897 - 1893-1897 - IP/16/HG.5/1"
83975918.txt,"Rangoon Lunatic Asylum 1898-1906 - 1898-1906 - IP/16/HG.5/1"
83979836.txt,"Lunatic asylums Burma 1907-21 - 1907-1921 - IP/16/HG.5"
83979837.txt,"Lunatic asylums Burma 1922-24 - 1922-1924 - IP/16/HG.5"
83981707.txt,"Note on the mental hospitals in Burma - 1925-1940 - IP/16/HG.5"
85747399.txt,"Vaccination in the Punjab 1867-1880 - 1867-1880 - IP/32/VA.3"
85747400.txt,"Vaccination in the Punjab 1883-1896 - 1883-1896 - IP/32/VA.3"
85747401.txt,"Vaccination in the Punjab 1897-1904 - 1897-1904 - IP/32/VA.3"
85747402.txt,"Vaccination in the Punjab 1905-1918 - 1905-1918 - IP/32/VA.3"
85747403.txt,"Vaccination in the Punjab 1919-1929 - 1919-1929 - IP/32/VA.3"
87224066.txt,"Vaccination North-Western Provinces 1866-1877 - 1866-1877 - IP/30/VA.3"
87224067.txt,"Vaccination North-Western Provinces and Oudh 1878-1895 - 1878-1895 - IP/30/VA.3"
87224068.txt,"Vaccination North-Western Provinces and Oudh 1896-1901 - 1896-1901 - IP/30/VA.3"
87230620.txt,"Vaccination United Provinces of Agra and Oudh 1902-1913 - 1902-1913 - IP/30/VA.3"
87230621.txt,"Vaccination United Provinces of Agra and Oudh 1914-1922 - 1914-1922 - IP/30/VA.3"
87230622.txt,"Vaccination United Provinces of Agra and Oudh 1923-1928 - 1923-1928 - IP/30/VA.3"
90586831.txt,"Report on vaccination North-West Frontier Province 1904-1922 - 1904-1922 - IP/29/VA.3"
90587816.txt,"Notes on vaccination in the North-West Frontier Province 1923-1928 - 1923-1928 - IP/29/VA.3"
90721052.txt,"Report on vaccination for the Province of Oudh 1871 - 1871 - IP/31/VA.3"
90721053.txt,"Report on vaccination for the Province of Oudh 1872 - 1872 - IP/31/VA.3"
90721054.txt,"Report on vaccination for the Province of Oudh 1873 - 1873 - IP/31/VA.3"
90721433.txt,"Manual of vaccination for the United Provinces of Agra and Oudh - 1903 - IP/30/VA.2"
90721632.txt,"Report on sanitation, dispensaries, and jails in Rajputana for 1909, and on vaccination for the year 1909-1910 - 1909-1910 - IP/33/MB.3"
90722003.txt,"Report on sanitation, dispensaries, and jails in Rajputana for 1910, and on vaccination for the year 1910-1911 - 1910-1911 - IP/33/MB.3"
90722470.txt,"Report on sanitation, dispensaries, and jails in Rajputana for 1911, and on vaccination for the year 1911-1912 - 1911-1912 - IP/33/MB.3"
90722852.txt,"Report on sanitation, dispensaries, and jails in Rajputana for 1912, and on vaccination for the year 1912-1913 - 1912-1913 - IP/33/MB.3"
90723240.txt,"Report on sanitation, dispensaries, and jails in Rajputana for 1913, and on vaccination for the year 1913-1914 - 1913-1914 - IP/33/MB.3"
90723677.txt,"Report on sanitation, dispensaries, and jails in Rajputana for 1914, and on vaccination for the year 1914-1915 - 1914-1915 - IP/33/MB.3"
90724055.txt,"Report on sanitation, dispensaries, and jails in Rajputana for 1915, and on vaccination for the year 1915-1916 - 1915-1916 - IP/33/MB.3"
90724638.txt,"Report on sanitation, dispensaries, and jails in Rajputana for 1916, and on vaccination for the year 1916-1917 - 1916-1917 - IP/33/MB.3"
90725042.txt,"Report on sanitation, dispensaries, and jails in Rajputana for 1917, and on vaccination for the year 1917-1918 - 1917-1918 - IP/33/MB.3"
90725439.txt,"Report on sanitation, dispensaries, and jails in Rajputana for 1918, and on vaccination for the year 1918-1919 - 1918-1919 - IP/33/MB.3"
90725041.txt,"Report on sanitation, dispensaries, and jails in Rajputana for 1919, and on vaccination for the year 1919-1920 - 1919-1920 - IP/33/MB.3"
90835953.txt,"Report on sanitation, dispensaries, and jails in Rajputana for 1920, and on vaccination for the year 1920-1921 - 1920-1921 - IP/33/MB.3"
90840165.txt,"Report on sanitation, dispensaries, and jails in Rajputana for 1921, and on vaccination for the year 1921-1922 - 1921-1922 - IP/33/MB.3"
91020559.txt,"Sanitation, dispensaries and jails vaccination Rajputana 1922-1927 - 1922-1927 - IP/33/MB.3"
91022595.txt,"Vaccination in Bombay 1856-1862 - 1856-1862 - IP/13/VA.3"
91022596.txt,"Vaccination in Bombay 1863-1868 - 1863-1868 - IP/13/VA.3"
91022597.txt,"Vaccination in Bombay 1869-1873 - 1869-1873 - IP/13/VA.3"
91022598.txt,"Vaccination in Bombay 1874-1876 - 1874-1876 - IP/13/VA.3"
91029430.txt,"Vaccination in Bombay 1889-1901 - 1889-1901 - IP/13/VA.3"
91029431.txt,"Vaccination in Bombay 1902-1912 - 1902-1912 - IP/13/VA.3"
91029432.txt,"Vaccination in Bombay 1913-1923 - 1913-1923 - IP/13/VA.3"
91029433.txt,"Vaccination in Bombay 1924-1928 - 1924-1928 - IP/13/VA.3"
91171399.txt,"Vaccination Hyderabad 1872-1889 - 1872-1889 - IP/20/VA.3"
91171400.txt,"Vaccination Hyderabad 1890-1903 - 1890-1903 - IP/20/VA.3"
91174170.txt,"Annual report on vaccination in Mysore, 1878-1879 - 1878-1879 - IP/28/VA.3"
91174171.txt,"Annual report on vaccination in Mysore, 1879-1880 - 1879-1880 - IP/28/VA.3"
91174263.txt,"Report on vaccination in Madras 1877-1894 - 1877-1894 - IP/25/VA.3"
91174264.txt,"Report on vaccination in Madras 1895-1903 - 1895-1903 - IP/25/VA.3"
91174265.txt,"Report on vaccination in Madras 1904-1921 - 1904-1921 - IP/25/VA.3"
91174266.txt,"Report on vaccination in Madras 1922-1929 - 1922-1929 - IP/25/VA.3"
91229505.txt,"Vaccine operations Central Provinces 1868-1885 - 1868-1885 - IP/19/VA.3"
91229506.txt,"Vaccine operations Central Provinces 1886-1899 - 1886-1899 - IP/19/VA.3"
91229507.txt,"Vaccine operations Central Provinces 1900-1911 - 1900-1911 - IP/19/VA.3"
91229508.txt,"Vaccine operations Central Provinces & Berar 1912-1920 - 1912-1920 - IP/19/VA.3"
91229509.txt,"Vaccine operations Central Provinces & Berar 1922-1929 - 1922-1929 - IP/19/VA.3"
91524026.txt,"Vaccination report Assam 1874-1896 - 1874-1896 - IP/3/VA.3"
91524027.txt,"Vaccination report Assam 1896-1927 - 1896-1927 - IP/3/VA.3"
91528315.txt,"Vaccination returns of the Province of Eastern Bengal and Assam - 1905-1912 - IP/7/VA.3"
91533951.txt,"Report on vaccination proceedings throughout the Government of Bengal - 1868 - IP/6/VA.3"
91534624.txt,"Report on vaccination in the Province of Bengal - 1869-1873 - IP/6/VA.3"
91536150.txt,"Report on vaccination in the Province of Bengal - 1874-1889 - IP/6/VA.3"
91537851.txt,"Annual statistical returns and brief notes on vaccination in Bengal - 1887-1898 - IP/6/VA.3"
91539671.txt,"Annual statistical returns and brief notes on vaccination in Bengal - 1896-1909 - IP/6/VA.3"
91541450.txt,"Annual statistical returns and brief notes on vaccination in Bengal - 1909-1929 - IP/6/VA.3"
91543795.txt,"Annual vaccination report of Bihar and Orissa - 1911-1928 - IP/10/VA.3"
91546118.txt,"Vaccination in Burma 1889-1999 - 1889-1999 - IP/16/VA.3"
91546119.txt,"Vaccination in Burma 1900-1911 - 1900-1911 - IP/16/VA.3"
91546120.txt,"Vaccination in Burma 1912-1922 - 1912-1922 - IP/16/VA.3"
91546121.txt,"Vaccination in Burma 1920-1933 - 1920-1933 - IP/16/VA.3"
